Database,K,P50 (ms),P50_mean,P50_std,P95 (ms),P95_mean,P95_std,QPS,QPS_mean,QPS_std
Milvus,k10,3.38 ± 0.22,3.377676010131836,0.22477024557830502,4.02 ± 0.34,4.017039140065511,0.3379642838607463,286.8 ± 16.8,286.80397282717996,16.844124952856163
Weaviate,k10,2.41 ± 0.20,2.4134318033854165,0.20310971280545317,3.48 ± 0.47,3.480958938598633,0.4669668062455412,380.4 ± 42.7,380.42536361654646,42.654621869639556
Milvus,k10_filter,3.50 ± 0.04,3.4995476404825845,0.0448667758123418,4.55 ± 0.06,4.553639888763427,0.060959495274381735,269.9 ± 3.2,269.9392249905593,3.220529130449122
Weaviate,k10_filter,2.56 ± 0.25,2.560575803120931,0.24511720725112887,5.11 ± 0.31,5.1142096519470215,0.30713911473572836,305.5 ± 16.6,305.5000966739144,16.55317649586717
Milvus,k100,3.50 ± 0.03,3.500779469807943,0.03144329407383629,4.28 ± 0.11,4.279597600301106,0.111218295282538,270.2 ± 6.8,270.17795614950666,6.843767875251812
Weaviate,k100,3.52 ± 0.04,3.5201311111450195,0.04020835855303809,4.30 ± 0.17,4.298571745554606,0.17043427526160976,264.7 ± 3.6,264.7458216122009,3.610560398852764
Milvus,k100_filter,3.83 ± 0.11,3.8278897603352866,0.10839222602786922,4.75 ± 0.26,4.7510941823323565,0.2558803443153305,253.3 ± 7.2,253.2994970802456,7.222506522130416
Weaviate,k100_filter,3.91 ± 0.02,3.9096673329671225,0.018774695691903636,6.66 ± 0.07,6.663684050242105,0.06934984774909542,213.4 ± 0.6,213.41209980190425,0.6492314362858601
