Database,K,P50 (ms),P50_mean,P50_std,P95 (ms),P95_mean,P95_std,QPS,QPS_mean,QPS_std
Milvus,k10,3.22 ± 0.04,3.2214721043904624,0.041130871233097555,4.04 ± 0.26,4.044965902964274,0.2567403068318186,297.5 ± 4.1,297.4722696978021,4.066834076169709
Weaviate,k10,3.35 ± 0.35,3.345648447672526,0.3456931047484772,4.41 ± 0.62,4.409583409627278,0.6224254631855589,290.1 ± 32.9,290.13053455848757,32.85658513781452
Milvus,k10_filter,3.61 ± 0.18,3.609259923299154,0.18007339111081094,14.56 ± 0.34,14.563377698262533,0.33514155786148914,137.6 ± 3.6,137.64623769829674,3.6475165047915716
Weaviate,k10_filter,3.55 ± 0.08,3.545681635538737,0.08256344706451318,17.64 ± 0.31,17.640487353007,0.310004933268482,134.4 ± 2.4,134.36336109959748,2.419149620801146
Milvus,k100,3.44 ± 0.04,3.4413735071818032,0.039157585294875334,4.18 ± 0.11,4.184178511301677,0.10747707174383192,276.7 ± 3.5,276.7498370322334,3.5160004384060546
Weaviate,k100,4.64 ± 0.08,4.635373751322429,0.07981773885133507,5.82 ± 0.34,5.823417504628499,0.33523357797183423,207.8 ± 5.8,207.81650249927,5.8321482002312255
Milvus,k100_filter,3.84 ± 0.02,3.839731216430664,0.016904476937084606,14.79 ± 0.16,14.79193369547526,0.1637151299138112,133.3 ± 1.2,133.30834640303928,1.2309862683478012
Weaviate,k100_filter,5.06 ± 0.17,5.057573318481445,0.1716276804647336,19.09 ± 0.61,19.093175729115803,0.6070681775894414,113.1 ± 3.3,113.12381540809372,3.308643109060513
