Database,K,P50 (ms),P50_mean,P50_std,P95 (ms),P95_mean,P95_std,QPS,QPS_mean,QPS_std
Milvus,k10,3.63 ± 0.08,3.6274989446004233,0.08068701014992301,4.75 ± 0.50,4.7488053639729815,0.49749345601688755,265.8 ± 10.1,265.768152063552,10.064234540026694
Weaviate,k10,3.43 ± 0.07,3.428379694620768,0.06646829867074343,4.32 ± 0.21,4.324984550476073,0.21210449134316733,284.4 ± 9.5,284.3717292349329,9.467630876920524
Milvus,k10_filter,3.82 ± 0.16,3.8222869237264,0.15538507026830822,7.78 ± 0.21,7.775382200876872,0.2099952412492148,200.1 ± 6.6,200.06683355998493,6.623039034224472
Weaviate,k10_filter,3.76 ± 0.10,3.7639538447062173,0.0952198124518259,18.07 ± 0.47,18.074107170104977,0.46817580285367544,121.3 ± 2.4,121.33557046510235,2.3881470330420926
Milvus,k100,3.79 ± 0.05,3.7947495778401694,0.050584584451034524,4.99 ± 0.63,4.993232091267903,0.6304901191572467,252.3 ± 6.1,252.337574401715,6.125394642668784
Weaviate,k100,4.85 ± 0.11,4.848241806030273,0.10649097792795971,5.86 ± 0.26,5.856045087178548,0.26092635070457115,199.4 ± 2.8,199.43270616334442,2.8412498147345064
Milvus,k100_filter,4.02 ± 0.02,4.015604654947917,0.022727292651187767,8.06 ± 0.08,8.056040604909262,0.08195887638895386,191.3 ± 1.5,191.2994039494845,1.5469836716540153
Weaviate,k100_filter,5.12 ± 0.05,5.116621653238933,0.04608425492221604,19.36 ± 0.20,19.36106284459432,0.19592087811903217,104.3 ± 0.4,104.31411559472203,0.36616508928204633
