Database,K,P50 (ms),P50_mean,P50_std,P95 (ms),P95_mean,P95_std,QPS,QPS_mean,QPS_std
Milvus,k10,3.87 ± 0.16,3.870844841003418,0.16373276218249397,5.99 ± 1.67,5.9927384058634425,1.6673674764514255,237.7 ± 21.1,237.65226445528086,21.14921688703513
Weaviate,k10,4.70 ± 0.04,4.700581232706706,0.039212951097375284,5.74 ± 0.21,5.740757783253987,0.21182631523966935,205.9 ± 4.7,205.94584733923713,4.691210908054968
Milvus,k10_filter,4.33 ± 0.16,4.328211148579915,0.16102609544578933,15.95 ± 0.38,15.945649147033691,0.3786420728616047,122.9 ± 3.4,122.88041675090373,3.358030654958372
Weaviate,k10_filter,5.36 ± 0.21,5.362470944722493,0.2100041031971611,23.83 ± 0.97,23.82719914118449,0.967395613523785,96.5 ± 2.4,96.53121141456266,2.430328079439348
Milvus,k100,4.13 ± 0.11,4.131515820821126,0.11416393167234098,5.69 ± 0.71,5.6927839914957685,0.7140733911338746,218.2 ± 12.3,218.16015276635218,12.349656444948325
Weaviate,k100,7.17 ± 0.49,7.167339324951172,0.4896723039703619,9.77 ± 1.80,9.77218945821126,1.7963819650245898,129.7 ± 12.6,129.72667213821515,12.577732095903752
Milvus,k100_filter,4.92 ± 0.35,4.924098650614421,0.34878589223449535,16.65 ± 0.69,16.65432055791219,0.6891929114111902,115.1 ± 2.4,115.12572140254308,2.4129247575574415
Weaviate,k100_filter,7.70 ± 0.07,7.69952932993571,0.07159344667050532,26.27 ± 0.52,26.273409525553387,0.5163823150515658,78.2 ± 1.0,78.18444093382499,1.0149163317277925
