Database,K,P50 (ms),P50_mean,P50_std,P95 (ms),P95_mean,P95_std,QPS,QPS_mean,QPS_std
Milvus,k10,3.59 ± 0.36,3.5926500956217446,0.358455737309483,4.80 ± 0.66,4.804917176564534,0.6618406794243221,265.4 ± 22.8,265.4251101828218,22.75843135918087
Weaviate,k10,3.60 ± 0.64,3.6007563273111978,0.6403455628826628,4.72 ± 1.07,4.717624187469482,1.0719646678852535,272.9 ± 44.8,272.9204626130752,44.781364280992385
Milvus,k10_filter,4.10 ± 0.43,4.100322723388672,0.4301962831418561,7.64 ± 0.56,7.64093001683553,0.5645828453065116,198.7 ± 16.9,198.74900025433647,16.93808911605919
Weaviate,k10_filter,3.75 ± 0.47,3.7533442179361978,0.4689066285840868,13.44 ± 1.57,13.439710934956869,1.565050699499467,148.3 ± 13.2,148.32077785992615,13.216375365318196
Milvus,k100,3.83 ± 0.15,3.826181093851725,0.1485755367656857,5.11 ± 0.09,5.113518238067624,0.09090719557622762,245.1 ± 12.8,245.06192668972187,12.770136771650586
Weaviate,k100,4.49 ± 0.15,4.4869184494018555,0.15028214803121379,5.75 ± 0.63,5.747739473978679,0.6292246866550064,211.7 ± 8.1,211.6838260605834,8.064545774212208
Milvus,k100_filter,4.18 ± 0.15,4.179596900939941,0.14929962933681798,7.62 ± 0.14,7.618884245554606,0.14142299542119782,197.8 ± 5.3,197.79069183923073,5.262462560116521
Weaviate,k100_filter,4.92 ± 0.04,4.92246945699056,0.04440534923775671,13.90 ± 0.10,13.90171448389689,0.10388921829756848,126.9 ± 0.1,126.94094560389107,0.1024276558515904
