Database,K,P50 (ms),P50_mean,P50_std,P95 (ms),P95_mean,P95_std,QPS,QPS_mean,QPS_std
Milvus,k10,6.00 ± 1.71,5.998571713765462,1.7121251968450089,107.25 ± 105.49,107.25444555282591,105.49168020262687,72.7 ± 75.1,72.70013307563217,75.13045279105816
Weaviate,k10,37.82 ± 40.49,37.816405296325684,40.491628177872634,263.96 ± 330.27,263.95517587661726,330.26715979542973,63.0 ± 50.9,63.039567704942804,50.852197445385734
Milvus,k10_filter,9.25 ± 6.06,9.252349535624186,6.059283062813332,202.30 ± 257.26,202.29560534159307,257.26240860114706,58.9 ± 35.9,58.86809760866718,35.89659240066073
Weaviate,k10_filter,41.60 ± 49.16,41.60153865814209,49.15512181697794,636.47 ± 748.24,636.4672541618337,748.237740251123,22.8 ± 14.3,22.838411170631172,14.310596560804921
Milvus,k100,5.19 ± 0.46,5.191644032796224,0.46058890939419406,144.45 ± 188.46,144.45348183313985,188.46013931965103,118.1 ± 78.2,118.06097991120777,78.23801447994249
Weaviate,k100,44.97 ± 41.62,44.96844609578451,41.61666572193067,395.05 ± 517.82,395.0507402420044,517.8200112776618,35.0 ± 22.6,35.01389786258837,22.6485111449146
Milvus,k100_filter,8.84 ± 4.02,8.836110432942709,4.023903382392839,138.16 ± 162.05,138.1645639737445,162.05421784884416,58.2 ± 33.3,58.19649072089582,33.30738440214436
Weaviate,k100_filter,32.66 ± 25.65,32.66378243764242,25.654737018045545,239.64 ± 260.73,239.6438479423522,260.7280308987871,31.7 ± 24.8,31.747209009760784,24.832770464486927
