Database,K,P50 (ms),P50_mean,P50_std,P95 (ms),P95_mean,P95_std,QPS,QPS_mean,QPS_std
Milvus,k10,3.00 ± 0.31,3.003239631652832,0.30738031515000214,3.85 ± 0.69,3.8498918215433755,0.6854560123154819,314.1 ± 31.6,314.07810848053884,31.609821055142234
Weaviate,k10,3.09 ± 0.49,3.0889511108398438,0.4855941306066839,4.28 ± 0.98,4.2784810066223145,0.9785634043298068,317.0 ± 52.2,317.0033392196801,52.2077764813696
Milvus,k10_filter,3.32 ± 0.09,3.319422403971354,0.09354612210739965,13.58 ± 0.27,13.577969868977865,0.27498796108720974,150.4 ± 1.2,150.3839747860376,1.2447570897397946
Weaviate,k10_filter,3.14 ± 0.16,3.137310345967611,0.1609829050697677,14.42 ± 0.40,14.416646957397461,0.3988704518039008,161.5 ± 4.9,161.46703095379078,4.875314119107602
Milvus,k100,3.05 ± 0.01,3.0452807744344077,0.008505638269479613,3.62 ± 0.01,3.620187441507975,0.010938885585055612,316.1 ± 2.6,316.1466435054296,2.57607728368031
Weaviate,k100,4.45 ± 0.32,4.445234934488933,0.31702045987476385,5.79 ± 0.52,5.785210927327473,0.5228108434462905,214.5 ± 15.2,214.47236673515613,15.182715722645506
Milvus,k100_filter,3.55 ± 0.27,3.549655278523763,0.2673099613914739,13.54 ± 0.39,13.543641567230225,0.39053935695599995,145.5 ± 4.2,145.4864088298539,4.232530721795613
Weaviate,k100_filter,4.55 ± 0.15,4.551211992899577,0.14613439317389643,15.98 ± 0.98,15.981924533843994,0.9837455574030455,131.0 ± 6.0,131.00350608632934,6.0115035303634725
