Database,K,P50 (ms),P50_mean,P50_std,P95 (ms),P95_mean,P95_std,QPS,QPS_mean,QPS_std
Milvus,10,4.86 ± 0.00,4.862070083618164,0.0,7.62 ± 0.00,7.621014118194579,0.0,194.3 ± 0.0,194.29227890085048,0.0
Weaviate,10,3.69 ± 0.00,3.6940574645996094,0.0,7.83 ± 0.00,7.834470272064208,0.0,228.2 ± 0.0,228.22827921058544,0.0
Milvus,100,5.14 ± 0.00,5.137324333190918,0.0,9.10 ± 0.00,9.103953838348389,0.0,185.2 ± 0.0,185.15879283804372,0.0
Weaviate,100,5.59 ± 0.00,5.5866241455078125,0.0,8.60 ± 0.00,8.60168933868408,0.0,169.9 ± 0.0,169.86462033918625,0.0
