Database,K,P50 (ms),P50_mean,P50_std,P95 (ms),P95_mean,P95_std,QPS,QPS_mean,QPS_std
Milvus,k10,4.08 ± 0.28,4.083116849263509,0.28389854085524785,5.69 ± 1.18,5.691687266031901,1.1815071093662013,224.8 ± 27.3,224.80722427873192,27.349501518502713
Weaviate,k10,4.77 ± 1.24,4.77143128712972,1.236050039076043,9.66 ± 6.11,9.660681088765463,6.106240682018822,208.4 ± 64.0,208.43490604304807,63.96786253352001
Milvus,k10_filter,4.30 ± 0.25,4.295388857523601,0.2539719587626411,10.69 ± 0.43,10.690776507059732,0.4276499354953554,160.8 ± 7.0,160.8432430487668,6.9897981315920985
Weaviate,k10_filter,4.01 ± 0.14,4.01453177134196,0.14298829490448614,21.89 ± 0.68,21.89451853434245,0.6848143327595251,113.8 ± 4.2,113.78055264612681,4.214421105802864
Milvus,k100,4.22 ± 0.32,4.221359888712565,0.31976457909609646,5.09 ± 0.68,5.08733590443929,0.6831020236071718,231.5 ± 19.5,231.47471531185056,19.454713685269535
Weaviate,k100,5.72 ± 1.13,5.716562271118164,1.1283011119781616,8.18 ± 3.11,8.18111499150594,3.112038619924592,171.5 ± 36.1,171.50376223661752,36.12217791502673
Milvus,k100_filter,4.28 ± 0.12,4.279931386311849,0.11740278664130051,10.41 ± 0.37,10.411417484283447,0.3738787979827814,160.7 ± 3.6,160.7389870568511,3.5622102441828387
Weaviate,k100_filter,5.29 ± 0.08,5.293051401774089,0.07986277059948406,22.85 ± 0.46,22.84832000732422,0.46292743822287247,99.8 ± 1.9,99.83937884636174,1.890171830331162
