Database,K,P50 (ms),P50_mean,P50_std,P95 (ms),P95_mean,P95_std,QPS,QPS_mean,QPS_std
Milvus,k10,3.37 ± 0.21,3.371636072794596,0.20690873874501592,4.35 ± 0.34,4.353686173756917,0.33541579648116904,287.1 ± 18.9,287.0586371344912,18.856654366615235
Weaviate,k10,3.32 ± 0.50,3.3226807912190757,0.5010989707404315,4.31 ± 0.69,4.3145219484965,0.6873911857332278,294.5 ± 38.8,294.5154116364071,38.82821380018674
Milvus,k10_filter,3.59 ± 0.11,3.588596979777018,0.11196438442582923,13.25 ± 0.28,13.247692584991455,0.2773898273709189,149.0 ± 2.3,149.02262688735976,2.2819114428103413
Weaviate,k10_filter,3.38 ± 0.18,3.3845106760660806,0.17855098605690242,14.32 ± 0.51,14.317778746287026,0.5128835625681591,155.9 ± 7.1,155.8599327744686,7.065369867209542
Milvus,k100,3.43 ± 0.10,3.428339958190918,0.09846586291554627,4.27 ± 0.20,4.266909758249919,0.1982642348979522,278.3 ± 5.7,278.2675214566114,5.7279855917626765
Weaviate,k100,4.72 ± 0.49,4.716753959655762,0.49376609569701935,6.64 ± 1.64,6.6376447677612305,1.6421796461418816,201.3 ± 23.7,201.25172943766822,23.68153512830851
Milvus,k100_filter,3.74 ± 0.07,3.7446419397989907,0.07390606351382167,13.31 ± 0.24,13.305842876434326,0.23571973254460785,145.9 ± 0.9,145.9394433492525,0.9359115505854411
Weaviate,k100_filter,4.80 ± 0.25,4.7961076100667315,0.25065775225994896,16.02 ± 1.19,16.01632038752238,1.1851000119510047,128.6 ± 6.1,128.55575036579825,6.136121326583519
