Database,K,P50 (ms),P50_mean,P50_std,P95 (ms),P95_mean,P95_std,QPS,QPS_mean,QPS_std
Milvus,k10,4.30 ± 0.79,4.304806391398112,0.7895166499241186,6.39 ± 1.45,6.388147672017413,1.4518889751369453,222.8 ± 39.9,222.7601602899697,39.90930247805959
Weaviate,k10,4.30 ± 0.19,4.296501477559407,0.185740604040481,5.66 ± 0.47,5.664634704589843,0.4661340910649429,217.9 ± 18.1,217.8798600301857,18.05465363883435
Milvus,k10_filter,4.28 ± 0.23,4.277149836222331,0.23495723227049173,14.25 ± 0.56,14.249420166015625,0.5572826479371069,127.4 ± 9.9,127.41203181766116,9.89657780937229
Weaviate,k10_filter,4.55 ± 0.10,4.552404085795085,0.10076169851453654,18.29 ± 0.56,18.291644255320232,0.5644088275546835,114.8 ± 0.9,114.84238281324133,0.8925603664301496
Milvus,k100,4.03 ± 0.08,4.026730855305989,0.08009594799052977,5.80 ± 0.45,5.796968936920166,0.4532986174442971,229.9 ± 9.4,229.91741173872765,9.381657306314294
Weaviate,k100,6.38 ± 0.26,6.375471750895183,0.2561346033150747,8.75 ± 1.27,8.752242724100748,1.2668402538844308,145.9 ± 7.6,145.86489327462752,7.6339090081828775
Milvus,k100_filter,4.64 ± 0.18,4.636247952779134,0.17985481615581975,14.61 ± 0.44,14.613846937815344,0.43613257465346883,128.3 ± 4.0,128.3178787641967,3.9977709211894354
Weaviate,k100_filter,6.73 ± 0.09,6.7299604415893555,0.08826061300219284,20.10 ± 0.41,20.102099577585857,0.4063322083796365,91.9 ± 0.6,91.87450038548211,0.6169868982228411
