Database,K,P50 (ms),P50_mean,P50_std,P95 (ms),P95_mean,P95_std,QPS,QPS_mean,QPS_std
Milvus,k10,3.61 ± 0.46,3.605484962463379,0.45658002418961063,6.85 ± 3.43,6.849197546641029,3.434360525176587,256.8 ± 47.9,256.7612331800913,47.89654166004181
Weaviate,k10,3.86 ± 1.08,3.8625001907348633,1.076867499719138,5.56 ± 2.17,5.560791492462158,2.1728573451509083,263.4 ± 65.1,263.4431767997733,65.06890354117144
Milvus,k10_filter,3.74 ± 0.25,3.744045893351237,0.2519412744685852,14.04 ± 1.03,14.036381244659424,1.0255707076162106,142.2 ± 9.4,142.2421399034606,9.399311303854796
Weaviate,k10_filter,3.68 ± 0.39,3.68499755859375,0.3943572667847009,17.15 ± 0.99,17.145129044850666,0.9938918456031636,139.4 ± 10.2,139.39532593434862,10.159097243642925
Milvus,k100,3.50 ± 0.03,3.5012165705362954,0.029013417586887854,4.50 ± 0.16,4.495882987976073,0.15541726625901103,267.2 ± 5.0,267.24814778284673,4.961812405623284
Weaviate,k100,5.36 ± 1.20,5.361874898274739,1.1973595323467798,7.77 ± 3.17,7.772493362426755,3.1708003661022013,183.0 ± 37.5,182.99671546125504,37.51605599514406
Milvus,k100_filter,4.02 ± 0.11,4.017273585001628,0.11114084083850748,14.11 ± 0.20,14.107100168863932,0.20080109863651513,137.5 ± 1.7,137.45836724649544,1.7041339915392746
Weaviate,k100_filter,4.87 ± 0.07,4.8724015553792315,0.07218837494808193,18.20 ± 0.65,18.204689025878906,0.6488729355529723,118.5 ± 3.2,118.50830112160527,3.153478546126776
