Database,K,P50 (ms),P50_mean,P50_std,P95 (ms),P95_mean,P95_std,QPS,QPS_mean,QPS_std
Milvus,k10,10.88 ± 0.41,10.883331298828125,0.4058455358110338,109.78 ± 44.49,109.77657238642365,44.48649661836416,36.6 ± 15.9,36.60053281676335,15.875292803823005
Weaviate,k10,46.74 ± 22.39,46.73572381337484,22.387756951491372,168.04 ± 92.07,168.03586880366004,92.0687135003273,24.7 ± 19.3,24.737492682912556,19.321121972331447
Milvus,k10_filter,9.39 ± 0.42,9.389797846476236,0.41724060065893687,27.13 ± 7.00,27.12833881378171,6.996689444234168,79.0 ± 9.8,79.0406361040724,9.796439203856188
Weaviate,k10_filter,8.12 ± 2.45,8.123636245727539,2.454884082676734,203.16 ± 82.63,203.16204627354924,82.62688168135723,22.9 ± 8.9,22.877655357198325,8.945571932805684
Milvus,k100,9.43 ± 0.05,9.434819221496582,0.04565648351491641,13.44 ± 1.76,13.439528147379553,1.7560211053215262,100.2 ± 6.1,100.24887016651792,6.098113240888684
Weaviate,k100,49.47 ± 20.32,49.47062333424886,20.315512057851866,106.30 ± 50.24,106.30387067794796,50.24396188051295,17.2 ± 5.7,17.15342113808801,5.724136535080245
Milvus,k100_filter,11.43 ± 1.91,11.425296465555826,1.912300304251893,121.71 ± 80.72,121.71182235081967,80.72090595358632,50.3 ± 37.2,50.334182567621276,37.236582519157245
Weaviate,k100_filter,48.56 ± 19.96,48.55962594350179,19.959718481831306,500.80 ± 306.16,500.7992148399346,306.1569364336525,9.3 ± 3.3,9.337483254288431,3.3168139924898905
